train_loss,train_acc,val_loss,val_acc
0.3300224032253027,0.862941261574074,0.2647767663002014,0.9150462962962964
0.1631121512502432,0.943019386574074,0.11967100948095322,0.9509837962962964
0.09206470958888531,0.968482349537037,0.1221831664443016,0.9581404320987655
