train_loss,train_acc,val_loss,val_acc
0.31647106893360616,0.872265625,0.2998524308204651,0.8934230488987062
0.16364233698695899,0.9428906250000001,0.12722532451152802,0.9553471844331158
