train_loss,train_acc,val_loss,val_acc
0.31156210638582704,0.8735156249999999,0.3361630141735077,0.8517724714413799
0.16808366179466247,0.9370312500000001,0.14272534847259521,0.9375009889806967
