train_loss,train_acc,val_loss,val_acc
0.3010827131569386,0.879609375,0.24450846016407013,0.9124342105263159
0.1403949840925634,0.95,0.12912686169147491,0.9572368421052632
0.09379130210727453,0.9692968750000001,0.12776672840118408,0.9564555921052632
