train_loss,train_acc,val_loss,val_acc
0.2877379681915045,0.889453125,0.2527094781398773,0.9132523148148148
0.1424407339654863,0.94921875,0.11640290170907974,0.9587962962962964
0.08889319407753646,0.96640625,0.16707374155521393,0.9439525462962963
