train_loss,train_acc,val_loss,val_acc
0.3326692823320627,0.862109375,0.2909400165081024,0.9030980282738096
0.1701331775635481,0.938671875,0.11600136011838913,0.9683085317460318
