train_loss,train_acc,val_loss,val_acc
0.3362986035645008,0.8529803240740741,0.3721238076686859,0.8636842757936508
0.1710401637479663,0.931640625,0.11862309277057648,0.9602926587301586
